user address,superior address,,,
0x9ebba8b4c74d81cdd2cb06a4e45a17fcf75ebfa4,0x1dd7edb3399286b9ed6c649ad16a1582c5f0179d,普通定级,否,正常
0x4b6f18c49cd43ed7d2776aa62d22abe1a9a31ddd,0x1dd7edb3399286b9ed6c649ad16a1582c5f0179d,普通定级,否,正常
0x1dd7edb3399286b9ed6c649ad16a1582c5f0179d,0x80298c0208c9c70ff0552735c568967a28171cb8,普通定级,否,正常
0x80298c0208c9c70ff0552735c568967a28171cb8,0x82a9af357bcd2b835698c3ba22693900ab7d4440,普通定级,否,正常
0xc7859d1121713a914c98aeab19f23a504f5ef5dd,0x82a9af357bcd2b835698c3ba22693900ab7d4440,普通定级,否,正常
0xcc15d821f907e73e4c5390238821f0e41b4550c2,0x82a9af357bcd2b835698c3ba22693900ab7d4440,普通定级,否,正常
0x82a9af357bcd2b835698c3ba22693900ab7d4440,0xd688f3b26d15b700bedc3387a17b038d96bccf09,普通定级,否,正常
0xaef7a1736f9128146cdfbf4029a95cb39f0ad504,0x7b7cbea2a396fce8f30dfd8c0f7c8d26152ca7a2,普通定级,否,正常
0xf47a87f524f5745d9cde848b8f24c61d611cd889,0xde9528a4885b34b652e06639a858d14cdc2bfba2,普通定级,是,正常
0x0f80720e5864cd355bb3c73018bf0240e38780ac,0x4338585fcd895d07109101d4440fb5b8c05e18a8,普通定级,是,正常
0xc96fb31eccbe959958ec6d634b8eaf7bfd4a95e3,0xf491a86146b6ee911ad9f01667b050aea690b37a,普通定级,是,正常
0xaea33a08d3fe8de37888432fe45cb6948266e680,0xc098a23ad47d6a5fde17a1b577ffc66369696a20,普通定级,否,正常
0x672a4ddfb6a034069bfbf48b30097444013cf62d,0x2a43f539736e6efba71f0ef7cd22759d3b644030,普通定级,否,正常
0x516b8a56a49848bf49d919d198b8c324d3c9fb01,0x76ef90fc60089749f6cd9462107bebba6d723c64,普通定级,否,正常
0x7e49ae625ac336447883809d24b687e145107320,0x37e6e568b93483849b5a6a20f9af7d5c08cc41f5,普通定级,否,正常
0x8e10526b645bb78c651ebee4d8b4582a5f77989b,0x0627367e6ac9ee15d5e70806b870943515055d8c,普通定级,否,正常
0x53f1c6f525b96b8187dc2bdfd8003c2b6dfb6bb1,0x5122366c41ce22c2a60bfa94cd59fe2c6c2e0392,普通定级,否,正常
0x7b7b6296c4a3e85473b2a10a8b5baeb26312b9a7,0x2a43f539736e6efba71f0ef7cd22759d3b644030,普通定级,否,正常
0x0bfd4fef590227314f567e5919175fb511e43e39,0x2a43f539736e6efba71f0ef7cd22759d3b644030,普通定级,否,正常
0xf5fe2ddb2d0a5f690fe2702475d8684a64d71fad,0x2a43f539736e6efba71f0ef7cd22759d3b644030,普通定级,否,正常
0x2a43f539736e6efba71f0ef7cd22759d3b644030,0xfa811baa85e94cf6bb585a6424d5c7b4ae3d239f,普通定级,否,正常
0xfa811baa85e94cf6bb585a6424d5c7b4ae3d239f,0x36ca568ca2a190dcced51dbd3d94a1c2a940e0d4,普通定级,否,正常
0x36ca568ca2a190dcced51dbd3d94a1c2a940e0d4,0x50b335d65fc486edb658ac04fcb1ea3a8513e619,普通定级,否,正常
0xe6d8d43512516df2f1a01ef5a802c020ed21b5f5,0xb493527cff8354d661c2f947fb89da963217d8c6,普通定级,否,正常
0xe44598e147b5d01adce2267fc620c8b43b7883f2,0xb493527cff8354d661c2f947fb89da963217d8c6,普通定级,否,正常
0x302ff57def3b5127c439d6c5adf9b7175cb98f6d,0x37e6e568b93483849b5a6a20f9af7d5c08cc41f5,普通定级,否,正常
0x50b335d65fc486edb658ac04fcb1ea3a8513e619,0x1b1cbcd4b7291ad73f3e4579c45da52100309b6b,普通定级,否,正常
0x1b1cbcd4b7291ad73f3e4579c45da52100309b6b,0xa72f2a8797e5e65e920b4d210615a99a0ba79e9a,普通定级,否,正常
0xa72f2a8797e5e65e920b4d210615a99a0ba79e9a,0xb698e61a0c1f515c9f886d69333779c1b2caac5b,普通定级,否,正常
0xb698e61a0c1f515c9f886d69333779c1b2caac5b,0xa5bd01b562792f3074dfc0b531dcf04fed0bea3e,普通定级,否,正常
0xa5bd01b562792f3074dfc0b531dcf04fed0bea3e,0x2a61825a6c5408d039b60791e491f5707da714f0,普通定级,否,正常
0x1965d0a8335d41584b52a64be6fea50ff197cd55,0x5122366c41ce22c2a60bfa94cd59fe2c6c2e0392,普通定级,否,正常
0x5122366c41ce22c2a60bfa94cd59fe2c6c2e0392,0xb493527cff8354d661c2f947fb89da963217d8c6,普通定级,否,正常
0x0627367e6ac9ee15d5e70806b870943515055d8c,0xb493527cff8354d661c2f947fb89da963217d8c6,普通定级,否,正常
0xff8fab957f9838f88ab98a4b488348a306d37b87,0xb493527cff8354d661c2f947fb89da963217d8c6,普通定级,否,正常
0xb493527cff8354d661c2f947fb89da963217d8c6,0x2513b63c9f85e83d591e355c072a36f6a9392d15,普通定级,否,正常
0x7f01b3ec4cf61bb1f2787607da7b6483e405fcb2,0xb5d72810da189eec5485232d8e499441fe2d8310,普通定级,否,正常
0x72731fb61248032b791664b80bd52df085e3f337,0x2513b63c9f85e83d591e355c072a36f6a9392d15,普通定级,否,正常
0x8917f6d83b7a391dd51dd89b095e96ef618f083e,0xb5d72810da189eec5485232d8e499441fe2d8310,普通定级,否,正常
0xb5d72810da189eec5485232d8e499441fe2d8310,0x2513b63c9f85e83d591e355c072a36f6a9392d15,普通定级,否,正常
0x87a2fd4c9bb54fd547b57e1b4daefdaea950a882,0x3f09c868a0574dcaf94fce3ac28ee765ed1d37ad,普通定级,否,正常
0x2513b63c9f85e83d591e355c072a36f6a9392d15,0x8f83bfebfd3a54ba7601fc987ad6844be5f8fc4c,普通定级,否,正常
0x8f83bfebfd3a54ba7601fc987ad6844be5f8fc4c,0x060e7f38f6f18a24cb35abd8c09e6cdcc98e5150,普通定级,否,正常
0x37e6e568b93483849b5a6a20f9af7d5c08cc41f5,0x21eb3e25adaeb74c2b39995ad9d8bd54228f5e8a,普通定级,否,正常
0x21eb3e25adaeb74c2b39995ad9d8bd54228f5e8a,0x299c366dfcfdee2ae8dc0e53fbac019c4c97f173,普通定级,否,正常
0x299c366dfcfdee2ae8dc0e53fbac019c4c97f173,0x0644e2813dba8e8e2467b0a61d0b75c2fd35a405,普通定级,否,正常
0x0644e2813dba8e8e2467b0a61d0b75c2fd35a405,0xc4866542a3119c7a2abc65240830ac5b57f20a3f,普通定级,否,正常
0xc4866542a3119c7a2abc65240830ac5b57f20a3f,0x405b39a075996d2c0e6f2b367c0afd5be19bb44d,普通定级,否,正常
0x405b39a075996d2c0e6f2b367c0afd5be19bb44d,0x009437a3d3c29be0d0b53424a24d3d00345d04aa,普通定级,否,正常
0x009437a3d3c29be0d0b53424a24d3d00345d04aa,0x9ba99004c93b77e328702f34653334141e040f18,普通定级,否,正常
0x0fda0f6d9cef6952c199ec486e2a3c12b2311169,0x05dbb0bc3c82c45b0553688e2af380101af795e3,普通定级,否,正常
0x9ba99004c93b77e328702f34653334141e040f18,0x05dbb0bc3c82c45b0553688e2af380101af795e3,普通定级,否,正常
0x05dbb0bc3c82c45b0553688e2af380101af795e3,0xf8fcb38470697f2ecabb44d729ee86c77884407d,普通定级,否,正常
0xf8fcb38470697f2ecabb44d729ee86c77884407d,0x6df43742eb3d795aff093e20893a71a6f2bbfd21,普通定级,否,正常
0xb6270120485bdf327ece3509f6717724be29bfdd,0x530d42b49c18da3f5ab2b31225b82ef505ed5576,普通定级,否,正常
0xddbbcd4eb521b1fa6a2461b221a0df3e166fd28f,0x530d42b49c18da3f5ab2b31225b82ef505ed5576,普通定级,否,正常
0xe4f894e9e1ca1a89ae4fa6587a871ccfd20d18bc,0x530d42b49c18da3f5ab2b31225b82ef505ed5576,普通定级,否,正常
0x5d17e511a332ff78cb80a6ef1cde56784384ed0d,0x530d42b49c18da3f5ab2b31225b82ef505ed5576,普通定级,否,正常
0xc4ceee8e13a5c4cba5125112b75d18a561eb8864,0x530d42b49c18da3f5ab2b31225b82ef505ed5576,普通定级,否,正常
0x28acfd43c5bed5a0c4f5a057aa1ad32c50cc05ac,0x530d42b49c18da3f5ab2b31225b82ef505ed5576,普通定级,否,正常
0x8dbbdb2080da4d646a36421b068416aebd35b8d3,0x530d42b49c18da3f5ab2b31225b82ef505ed5576,普通定级,否,正常
0xa47fa5483399d46c8c8f381ade1a4ba2bbb360ef,0x530d42b49c18da3f5ab2b31225b82ef505ed5576,普通定级,否,正常
0x8ab9a367dee2c0bed917f30ab8a87262f74564c0,0x530d42b49c18da3f5ab2b31225b82ef505ed5576,普通定级,否,正常
0x2f4dfd53b7edb75a458e00f664270ba713416f39,0x530d42b49c18da3f5ab2b31225b82ef505ed5576,普通定级,否,正常
0x0adf2c3c8a3bb845870b22d7d2826b2d9c3b93bc,0x530d42b49c18da3f5ab2b31225b82ef505ed5576,普通定级,否,正常
0x0cdf55f437986e02449e0482285d6a9ab863e9f9,0xfc0a08b53c4c92723f73b98020a663105b668fa6,普通定级,否,正常
0x2887ab4ef629cd36def40f82338ca7f885818dbc,0x732a66ea4577e9a8f476cc551b70d27e99935c28,普通定级,是,正常
0xe337c6a87a7581d8c3ae5a890ae5b4308ff01ed1,0x25023a6fb5d8d3a314c214d2681dfb615b57c0ab,普通定级,否,正常
0x25023a6fb5d8d3a314c214d2681dfb615b57c0ab,0x8d76dca25e1369e6ae3d785a3421c18be121ec03,普通定级,否,正常
0x8d76dca25e1369e6ae3d785a3421c18be121ec03,0x9b10f51330478867f55ce6dd7e6c0904233620ac,普通定级,否,正常
0x8a5b7b8eef08768f7734bdb94032c57f9ad9b553,0x5203aa5bc0cedcf5ac7013d94105310b85eea1dc,普通定级,否,正常
0x5203aa5bc0cedcf5ac7013d94105310b85eea1dc,0x20e6c946aade6ba731561fbe5ab18d44cb7eaf2d,普通定级,否,正常
0xb6f40571c9b2279daa604022e5bb504f274119b7,0x9e8268c2ed8f4a4de95c5c363d97628455a85533,普通定级,否,正常
0x9e8268c2ed8f4a4de95c5c363d97628455a85533,0x20e6c946aade6ba731561fbe5ab18d44cb7eaf2d,普通定级,否,正常
0x20e6c946aade6ba731561fbe5ab18d44cb7eaf2d,0x2a61825a6c5408d039b60791e491f5707da714f0,普通定级,否,正常
0x2a61825a6c5408d039b60791e491f5707da714f0,0xc8923a357965101547ba3e11a962b81b79a9a415,普通定级,否,正常
0xc8923a357965101547ba3e11a962b81b79a9a415,0x71dcf8741a7cce818d535e63876519b73484f808,普通定级,否,正常
0x71dcf8741a7cce818d535e63876519b73484f808,0x1da2fc749a77f7abf40013ffbbee62100a148c3b,普通定级,否,正常
0x1da2fc749a77f7abf40013ffbbee62100a148c3b,0xde9528a4885b34b652e06639a858d14cdc2bfba2,普通定级,否,正常
0xde9528a4885b34b652e06639a858d14cdc2bfba2,0x9db60adae4694f0c1d25234bb6f5ae50abb06707,普通定级,否,正常
0x6df43742eb3d795aff093e20893a71a6f2bbfd21,0xd2b61e57c11f5594d3e02b303db2bc03fd75dea5,普通定级,否,正常
0xd2b61e57c11f5594d3e02b303db2bc03fd75dea5,0x2a5c19d6fb25492f58708cc4ab2c2a0b17aaa1c5,普通定级,否,正常
0x2a5c19d6fb25492f58708cc4ab2c2a0b17aaa1c5,0x732a66ea4577e9a8f476cc551b70d27e99935c28,普通定级,否,正常
0x732a66ea4577e9a8f476cc551b70d27e99935c28,0x52877eb5ba844c01554b63bf38959f822c4024ff,普通定级,否,正常
0x52877eb5ba844c01554b63bf38959f822c4024ff,0x0abd9ad1a5787e2d0eef2ce0762efb778fa18a93,普通定级,否,正常
0x0abd9ad1a5787e2d0eef2ce0762efb778fa18a93,0x0198ba9c936648815161b581363d6fc43e321de9,普通定级,否,正常
0x0198ba9c936648815161b581363d6fc43e321de9,0xa8ef8c02b3f8db3268bcb9fa265da063582e55ec,普通定级,否,正常
0xa8ef8c02b3f8db3268bcb9fa265da063582e55ec,0xf2532a04b0f89dc65043259caf5fb83577efff31,普通定级,否,正常
0xf2532a04b0f89dc65043259caf5fb83577efff31,0x9b10f51330478867f55ce6dd7e6c0904233620ac,普通定级,否,正常
0x9b10f51330478867f55ce6dd7e6c0904233620ac,0x37c1a548197d27a7c8e9baca2e8e8604851bab87,普通定级,否,正常
0x37c1a548197d27a7c8e9baca2e8e8604851bab87,0x07810ccca3cdcf3e4a698c2818b0b1c444e63781,普通定级,否,正常
0x07810ccca3cdcf3e4a698c2818b0b1c444e63781,0x81e3a3951acd96434182b4e2510a7e4bdd62b85d,普通定级,否,正常
0x81e3a3951acd96434182b4e2510a7e4bdd62b85d,0x9db60adae4694f0c1d25234bb6f5ae50abb06707,普通定级,否,正常
0x9db60adae4694f0c1d25234bb6f5ae50abb06707,0x4338585fcd895d07109101d4440fb5b8c05e18a8,普通定级,否,正常
0xe1b62fb4c4203f83d0863c622246bdd275f9edf1,0xd55250d03172f3f6f4253dde0772107884958aa8,普通定级,否,正常
0xe9507994277f630f0163d4f7c08fc8c9474e238c,0x85bc1a59d9d04c385a1f3b72e32cbc82cc1a3ec4,普通定级,否,正常
0xd55250d03172f3f6f4253dde0772107884958aa8,0x0aadcb6467ee88222cd047f35fb40693505afe28,普通定级,否,正常
0x85bc1a59d9d04c385a1f3b72e32cbc82cc1a3ec4,0x530d42b49c18da3f5ab2b31225b82ef505ed5576,普通定级,否,正常
0x530d42b49c18da3f5ab2b31225b82ef505ed5576,0x65d4346e2f110497a4c918de076f3e865e4b5b77,普通定级,否,正常
0x65d4346e2f110497a4c918de076f3e865e4b5b77,0x4875357346ce83ced3d37d9fd3fbc24e87163592,普通定级,否,正常
0x4875357346ce83ced3d37d9fd3fbc24e87163592,0x75704d813d499547052c2b399b5f202f9c994ff2,普通定级,否,正常
0xfaf3975617d904a65eaab1b7c2b02f194fe72866,0xeb230fdbc60615b0d61315573946a1017a7634a6,普通定级,否,正常
0x75704d813d499547052c2b399b5f202f9c994ff2,0x23f3f95a5f017e3539cd0c5fb1a0d7a0346b921f,普通定级,否,正常
0xeb230fdbc60615b0d61315573946a1017a7634a6,0x0aadcb6467ee88222cd047f35fb40693505afe28,普通定级,否,正常
0x23f3f95a5f017e3539cd0c5fb1a0d7a0346b921f,0x1d6109b8b5fed23a11a4582a9baf1385e39e29af,普通定级,否,正常
0x0aadcb6467ee88222cd047f35fb40693505afe28,0xca0345fdb549ea79a77aefb62a08a29a6d13336d,普通定级,否,正常
0xedca14d4005ba95f0218ff5031ea3a0b3cf6f01f,0x3f09c868a0574dcaf94fce3ac28ee765ed1d37ad,普通定级,否,正常
0x1fc958eeda1ce603c6bca64e68b31199c2b0395d,0x3f09c868a0574dcaf94fce3ac28ee765ed1d37ad,普通定级,否,正常
0x14259636146bd7eb33a7bbfa7097ed9585e562a6,0xfe90bc9e1dd31b68d0989a8804fa6f8ea71bca28,普通定级,否,正常
0xa5ddfe90654264c2fee3edb856db6c5b1f8b83c5,0xfe90bc9e1dd31b68d0989a8804fa6f8ea71bca28,普通定级,否,正常
0x0bb763a6de4d1435224c61541f1e94f4057b20c2,0xc9cbb3b7d7c4ca3dbf0ca470da8b11dfc0419646,普通定级,否,正常
0x9d3edb7fcb42f35c2157f1262ab7e8caf4135056,0xc9cbb3b7d7c4ca3dbf0ca470da8b11dfc0419646,普通定级,否,正常
0x5511f0fb4d50a8c45d2025bdd5a79ccdc55250fd,0xc9cbb3b7d7c4ca3dbf0ca470da8b11dfc0419646,普通定级,否,正常
0xaf395a7ca88384a4b0aea4013c80e14383ef0cae,0xc9cbb3b7d7c4ca3dbf0ca470da8b11dfc0419646,普通定级,否,正常
0x7782d4ea1b4665614d45742283357b651238b817,0xc9cbb3b7d7c4ca3dbf0ca470da8b11dfc0419646,普通定级,否,正常
0x4549a512d9432833cb2d8bcdffad0b66d7a324e2,0xc9cbb3b7d7c4ca3dbf0ca470da8b11dfc0419646,普通定级,否,正常
0x093cde1da42b7df2eca9c77d4edebe083c6292da,0xc9cbb3b7d7c4ca3dbf0ca470da8b11dfc0419646,普通定级,否,正常
0xe9fb70c1914e09dda1a8d9822e4e471603cc5b9a,0xc9cbb3b7d7c4ca3dbf0ca470da8b11dfc0419646,普通定级,否,正常
0xab61a5c426257125ac071f5293f3190d380e16a1,0xc9cbb3b7d7c4ca3dbf0ca470da8b11dfc0419646,普通定级,否,正常
0xd11f5066f5289e90c8c28d6e1f3ec90da35fe5b0,0xc9cbb3b7d7c4ca3dbf0ca470da8b11dfc0419646,普通定级,否,正常
0x0787d6bcce30b53f833622dfb2eafdb3ccfd6af7,0xc9cbb3b7d7c4ca3dbf0ca470da8b11dfc0419646,普通定级,否,正常
0xf155e7d4766c8d958092003f7b80666fb74d947a,0xc9cbb3b7d7c4ca3dbf0ca470da8b11dfc0419646,普通定级,否,正常
0x1e0124dba010ea0217de07aac3b48b89b577b45f,0xc9cbb3b7d7c4ca3dbf0ca470da8b11dfc0419646,普通定级,否,正常
0xea793c01d0de3671e3e1e2ca075cde1dd21b3b4a,0xc9cbb3b7d7c4ca3dbf0ca470da8b11dfc0419646,普通定级,否,正常
0x92a4f630929e080c267659ef18af3ee7e029ba94,0xc9cbb3b7d7c4ca3dbf0ca470da8b11dfc0419646,普通定级,否,正常
0x5e9a56b85b7031f3533d01e70631449f039757af,0xc9cbb3b7d7c4ca3dbf0ca470da8b11dfc0419646,普通定级,否,正常
0x53275743805cdb4806f8165cd928171fc0ba13c1,0xb3aaacc3f89d69fcf7fd16b81a1cf6be399d4984,普通定级,否,正常
0xabed2417c25c40c779be8b97aa8e6f2321ddd825,0xb3aaacc3f89d69fcf7fd16b81a1cf6be399d4984,普通定级,否,正常
0xb0a952fd59a5f90a2d7942587898d9dacfede8ce,0xe0076901a83aeadb06c1c9e7f378ce585dd7dfc4,普通定级,否,正常
0x3f09c868a0574dcaf94fce3ac28ee765ed1d37ad,0xe0076901a83aeadb06c1c9e7f378ce585dd7dfc4,普通定级,否,正常
0x26666bd77c5d81dc360b0a774d48a84dde877c05,0xc9cbb3b7d7c4ca3dbf0ca470da8b11dfc0419646,普通定级,否,正常
0x0d7a2e4fc586698e5c4b6b68d21cc7c5410a17bd,0xc9cbb3b7d7c4ca3dbf0ca470da8b11dfc0419646,普通定级,否,正常
0xfe90bc9e1dd31b68d0989a8804fa6f8ea71bca28,0xb9bd42b4b503946029f6bfec603fd151d3045f60,普通定级,否,正常
0xb3aaacc3f89d69fcf7fd16b81a1cf6be399d4984,0xb9bd42b4b503946029f6bfec603fd151d3045f60,普通定级,否,正常
0xe0076901a83aeadb06c1c9e7f378ce585dd7dfc4,0x689775181f7863a66f229a4c5a47b19081059968,普通定级,否,正常
0xb9bd42b4b503946029f6bfec603fd151d3045f60,0x689775181f7863a66f229a4c5a47b19081059968,普通定级,否,正常
0x689775181f7863a66f229a4c5a47b19081059968,0x33382d9e76d9decf29337fb398939a4650653314,普通定级,否,正常
0x33382d9e76d9decf29337fb398939a4650653314,0x3d7aa033b5127b916b2f2150497446819138120b,普通定级,否,正常
0x3d7aa033b5127b916b2f2150497446819138120b,0xda1c037a71e1f174145c220fceb1517759536bb4,普通定级,否,正常
0xda1c037a71e1f174145c220fceb1517759536bb4,0x66226992f889233fd4636efd01217c1f70bc4c1c,普通定级,否,正常
0xd8ba7bdb248a86d12eb0db21da281aea815be838,0x66226992f889233fd4636efd01217c1f70bc4c1c,普通定级,否,正常
0xa5b4fe6e7ce0bbaafc835f4466ace2cb5c498419,0x66226992f889233fd4636efd01217c1f70bc4c1c,普通定级,否,正常
0x167ed0a96c7e92339484e8779696da4e69bd4dad,0x8bfa36c21378b071eca691c073aa920b845f548d,普通定级,是,正常
0xca0345fdb549ea79a77aefb62a08a29a6d13336d,0xc0ec931ad05c724f58c003903e4e5b47fbbdc62a,普通定级,是,正常
0xc0ec931ad05c724f58c003903e4e5b47fbbdc62a,0x5d5bac57a68cb3d6e1b0ab5343e3c63ba30bb5d8,普通定级,是,正常
0x5d5bac57a68cb3d6e1b0ab5343e3c63ba30bb5d8,0x2023a35a4453f9247cb4418eb9f11e479593e8c0,普通定级,是,正常
0xbb0be7c7af1f3e80a7c141db7b0e6fe647ab31e4,0x0ecc5bba97cf423e73e3d0ffae98397bb2128cc3,普通定级,否,正常
0x0ecc5bba97cf423e73e3d0ffae98397bb2128cc3,0xded5d9e98f22ac4664434bd8063df32a8f9f5557,普通定级,否,正常
0x44ac8cf7c64d0a07f703e73929e43149ab963dd1,0xaa1427cf73cfc33f07ea8ad855247188ff7e6841,普通定级,否,正常
0x2c1a16eed89a1dc752fd40cfe5308cb255e5d12e,0xaa1427cf73cfc33f07ea8ad855247188ff7e6841,普通定级,否,正常
0x6b5b8631fb262867d9ee62984dbfa43e8a2f86cb,0xaa1427cf73cfc33f07ea8ad855247188ff7e6841,普通定级,否,正常
0x75cab48bbdb2778f41512126f742ec9ae63a6838,0xaa1427cf73cfc33f07ea8ad855247188ff7e6841,普通定级,否,正常
0xa5b8601cea6681abfa041f343784383ec17c067d,0xaa1427cf73cfc33f07ea8ad855247188ff7e6841,普通定级,否,正常
0x24424535847a730b3edbe8c661cd34f8e97a9327,0xaa1427cf73cfc33f07ea8ad855247188ff7e6841,普通定级,否,正常
0xff5cd794419130a2276ba53dd65005b2ed530184,0xaa1427cf73cfc33f07ea8ad855247188ff7e6841,普通定级,否,正常
0x46fe2d059a688f6f6fe26e3889f066c8ae64d0e4,0xaa1427cf73cfc33f07ea8ad855247188ff7e6841,普通定级,否,正常
0x5e091876d9762f246a5d8c3e8039775f3511fc51,0xaa1427cf73cfc33f07ea8ad855247188ff7e6841,普通定级,否,正常
0x6212f62181de9007f702dfe75978b7cdcb3c2057,0xaa1427cf73cfc33f07ea8ad855247188ff7e6841,普通定级,否,正常
0x317013189ee61abd36693ac995cb7b2cb7071fbb,0xa829ff1d170706a7ef2658d008186a316fdd4945,普通定级,否,正常
0x171a2dd72b39b7d6dbe82c7392233ebd04913e08,0xa829ff1d170706a7ef2658d008186a316fdd4945,普通定级,否,正常
0x8e95b5e38160b36530dd70672c32482ba144113b,0xa829ff1d170706a7ef2658d008186a316fdd4945,普通定级,否,正常
0xc5ecb07b8bcc71085fd007b47c65ba8b26e7ac4d,0xa6fb48b98d450c351feea500c37fd4d4c5d3d1d0,普通定级,否,正常
0x69403645acf39db742291d26aad117cee2143b84,0x7f4edb4dd069048e6b9ec4ce87c6de1b0513b9f7,普通定级,否,正常
0x5f7b7fe5ab00424a52b009f6c5f8221089b597df,0x97953d74f3066562260dddedebc2d64649b3b6b3,普通定级,是,正常
0x97953d74f3066562260dddedebc2d64649b3b6b3,0x8afb80819e3134b6f72393373b12861fd2de087e,普通定级,否,正常
0x8afb80819e3134b6f72393373b12861fd2de087e,0x34a441a7d130e6a06e6088675e0b37e4751796bf,普通定级,是,正常
0xc3511fa7427a482abad92a8ad3c0ff2917607bb5,0xc46fb1ccd03bb570b58c8c1a61eef7ad5648cc00,普通定级,否,正常
0xce4afa6a7663b932c96be027291f1b8f6ba9ceb7,0x306d21ee4e3222aa79bd3f23a2a404fa3bf24a74,普通定级,否,正常
0x34a441a7d130e6a06e6088675e0b37e4751796bf,0x12b2417a361f4043f2c1bc6b5d4e885ee78f456e,普通定级,是,正常
0x12b2417a361f4043f2c1bc6b5d4e885ee78f456e,0xc46fb1ccd03bb570b58c8c1a61eef7ad5648cc00,普通定级,是,正常
0x0656955b637eff48af4e823fae9da118d700a106,0x33ab15c62a194e22076d5ccdb1fbc5e1e0e2f06b,普通定级,否,正常
0x6425eafa5e88ace3962744eb4f8743ace3317c6f,0x5006a5f6b00c17abc2703cd80479efe300097403,普通定级,否,正常
0xaf9ae419bf0596da37232343920f24799c71e8e8,0x3fab5b61f8b74cbd807aff5d203b595450908539,普通定级,否,正常
0xc46fb1ccd03bb570b58c8c1a61eef7ad5648cc00,0x41daab4c59c607e9e4260c9db9604defc3a669bf,普通定级,否,正常
0x33ab15c62a194e22076d5ccdb1fbc5e1e0e2f06b,0x3fab5b61f8b74cbd807aff5d203b595450908539,普通定级,否,正常
0x41daab4c59c607e9e4260c9db9604defc3a669bf,0x776bb6e1000763c2ba343db9481e17f3645e7999,普通定级,否,正常
0x776bb6e1000763c2ba343db9481e17f3645e7999,0xfc0a08b53c4c92723f73b98020a663105b668fa6,普通定级,否,正常
0xfc0a08b53c4c92723f73b98020a663105b668fa6,0x0fbb7d183f37e788da924caae03d8bbcb9d0a4cb,普通定级,否,正常
0xb5da4f88e1607fe67db964ca62005e8f3864c63b,0x7b7cbea2a396fce8f30dfd8c0f7c8d26152ca7a2,普通定级,否,正常
0x0fbb7d183f37e788da924caae03d8bbcb9d0a4cb,0x2023a35a4453f9247cb4418eb9f11e479593e8c0,普通定级,否,正常
0x1718563e4562e129432a859959052f00b1c6ea17,0xc80ad2a09ea5c1dae94454c176148f5d8b5b50b5,普通定级,否,正常
0x66cdcf89d9b6227bc0a09222f68cbf013f0d07a6,0xc80ad2a09ea5c1dae94454c176148f5d8b5b50b5,普通定级,否,正常
0x870a2eddde3737e5c5ec81a56e9b98ec39e2468c,0xc80ad2a09ea5c1dae94454c176148f5d8b5b50b5,普通定级,否,正常
0x0d855613ecdc0f1583447de0a597bb1e6b541b23,0xc80ad2a09ea5c1dae94454c176148f5d8b5b50b5,普通定级,否,正常
0x4e73200cd0f21c4397937548ef5088653acb4806,0xc80ad2a09ea5c1dae94454c176148f5d8b5b50b5,普通定级,否,正常
0xd2fa10e77758a1094f25807a6435b0d81b6c3071,0xc80ad2a09ea5c1dae94454c176148f5d8b5b50b5,普通定级,否,正常
0x7ffd6037d7e1710d132b311f9de45d286903c8ad,0xc80ad2a09ea5c1dae94454c176148f5d8b5b50b5,普通定级,否,正常
0x8adbee6090bcdbdbd2c72b4e3f281edbd6560ab9,0xc80ad2a09ea5c1dae94454c176148f5d8b5b50b5,普通定级,否,正常
0xe683fe2c7afb761118f5824bb9a99d89efad7e87,0xc80ad2a09ea5c1dae94454c176148f5d8b5b50b5,普通定级,否,正常
0x68dad35cd47370d0c2dc083be99f296c131a6858,0xc80ad2a09ea5c1dae94454c176148f5d8b5b50b5,普通定级,否,正常
0xc80ad2a09ea5c1dae94454c176148f5d8b5b50b5,0xaa1427cf73cfc33f07ea8ad855247188ff7e6841,普通定级,否,正常
0x21cd66f001b976e7ed9c6b6b3cdea21b5ff29d5c,0x2f4c475702388c01863e9babadfca1cdfa9a96c6,普通定级,否,正常
0xa359e8727fdfa94a2bd0b135b0ed8ff33faae9d8,0xe59ccbe7d355c0b5af16d98190e2b5073a573749,普通定级,否,正常
0xcbc03cae8e7baace857112da2ac5c18519f73fd4,0xe2012fecc5e41ca11f7f8f12e800fe4413d0d547,普通定级,否,正常
0x0ae03941b0b5ebe1cad37891332c10a832d0cc6b,0xe2012fecc5e41ca11f7f8f12e800fe4413d0d547,普通定级,否,正常
0xde06505077846df5c8ce1d82dfabc12ae02624da,0xaa1427cf73cfc33f07ea8ad855247188ff7e6841,普通定级,否,正常
0xd33336503ddb5767d885e557c3c3b84eb519ffff,0xde4294a519c70a57a1eea4d11f4a06056b91d518,普通定级,否,正常
0x6893631adec02b5343b65bfba7b16c9f0fd2fdf9,0x0b91ad0872b2b89b6380f17f954c1a9ef513d846,普通定级,否,正常
0x76ef90fc60089749f6cd9462107bebba6d723c64,0x0b91ad0872b2b89b6380f17f954c1a9ef513d846,普通定级,否,正常
0x0b91ad0872b2b89b6380f17f954c1a9ef513d846,0xf0b7c8eadc04a102f27171f43be8a2a3ed0a3ae8,普通定级,否,正常
0xf0b7c8eadc04a102f27171f43be8a2a3ed0a3ae8,0xc8583dffa15d58161ea6e6b1330f3562d17fbd6d,普通定级,否,正常
0xc8583dffa15d58161ea6e6b1330f3562d17fbd6d,0x1d7e4a1ba275949b56b3cf8ce3498cd8ad82e39e,普通定级,否,正常
0x1d7e4a1ba275949b56b3cf8ce3498cd8ad82e39e,0x4338585fcd895d07109101d4440fb5b8c05e18a8,普通定级,否,正常
0xf4b949416f1fc07f13638e13b8eb395f5ee08097,0x7d6e21fd2e62837288428c75b0ccd84d7082191a,普通定级,否,正常
0x197d21a3842ea386c848135acefef28f4a9d111d,0x2f4c475702388c01863e9babadfca1cdfa9a96c6,普通定级,否,正常
0x8fd1212523f0902f8e5dcac4310409114107097c,0xf491a86146b6ee911ad9f01667b050aea690b37a,普通定级,是,正常
0x7a4ee7b6db941b80f7c4424caace3a9b79cbe1f5,0xf491a86146b6ee911ad9f01667b050aea690b37a,普通定级,是,正常
0x359ad10517c26b68ba925fa3d5722f2de3ae31b1,0xb1fee39fb8c99b256b2975b41605e894ac019e16,普通定级,否,正常
0xb1fee39fb8c99b256b2975b41605e894ac019e16,0xeb8e1f114a12e6b9cd253f7ff9f75891865baba4,普通定级,是,正常
0x2c06717fbde9e4479a31736f89a8e12e863b2f25,0xeb8e1f114a12e6b9cd253f7ff9f75891865baba4,普通定级,否,正常
0xa40e2ce39ccf90e0c6f9ea2b60dbebbbd07d519d,0xd2c1f30cc2b3bdd69ab998853084e6715b3ba3bb,普通定级,否,正常
0xd2c1f30cc2b3bdd69ab998853084e6715b3ba3bb,0xb4dd01cc18d68d53fe7fcc68468d06cdd72bd352,普通定级,否,正常
0xb4dd01cc18d68d53fe7fcc68468d06cdd72bd352,0xa276efa6dc514b2a7f2d546d3c43907eeb32c9e0,普通定级,否,正常
0xd85906eed1af2f09ec0ea75d4739b2a11e0ecb89,0xd45c65e42ae88d2814db50711a3354deeaa37e65,普通定级,否,正常
0xa276efa6dc514b2a7f2d546d3c43907eeb32c9e0,0xb9736dd6ae169ae3280e4b591d1d15d29bfbccbe,普通定级,否,正常
0x2f4c475702388c01863e9babadfca1cdfa9a96c6,0xf491a86146b6ee911ad9f01667b050aea690b37a,普通定级,是,正常
0xa574ec4136bed8d2e7ce35d45fad1652f6bb5fb6,0xde4294a519c70a57a1eea4d11f4a06056b91d518,普通定级,否,正常
0xf491a86146b6ee911ad9f01667b050aea690b37a,0xe2b293957d421b53c42a95920501d8e127bd4bb6,普通定级,是,正常
0xe2b293957d421b53c42a95920501d8e127bd4bb6,0xb4a474dd5d343edf45b4f9cebbf25fac594c3219,普通定级,是,正常
0xb4a474dd5d343edf45b4f9cebbf25fac594c3219,0xea991b6093fdd4f421a9f6d96c4ce75db1932ca7,普通定级,否,正常
0x7647b78b4a8339d66fb51e913dbdd08caaae48b7,0xded5d9e98f22ac4664434bd8063df32a8f9f5557,普通定级,否,正常
0xb9736dd6ae169ae3280e4b591d1d15d29bfbccbe,0xeb8e1f114a12e6b9cd253f7ff9f75891865baba4,普通定级,否,正常
0x9ffd4b5fcfb1a4cdaff6625d4057555f9a75fa8c,0x923bd1b9dd57b5acafec3838bedc07a7a8abf6f8,普通定级,否,正常
0xbbfe1c0caf0360f2a654299e8b83c1fe86279af7,0x006a11256a386bc8350679065f7ce6fabb16d8eb,普通定级,否,正常
0x91f4d82c559e2e4f7d65c5448951dfb7ec311d6e,0x77933ced8c7c592cef6268432bc08593956ab90a,普通定级,否,正常
0x77933ced8c7c592cef6268432bc08593956ab90a,0x006a11256a386bc8350679065f7ce6fabb16d8eb,普通定级,否,正常
0x006a11256a386bc8350679065f7ce6fabb16d8eb,0x306d21ee4e3222aa79bd3f23a2a404fa3bf24a74,普通定级,否,正常
0xd8e26eea99e4ce9704314d9bbe0b2b90fdbc17d3,0x2023a35a4453f9247cb4418eb9f11e479593e8c0,普通定级,否,正常
0x83ec7c3647bfedb375de0338274e62ec25eb2e46,0x923bd1b9dd57b5acafec3838bedc07a7a8abf6f8,普通定级,否,正常
0x3847df6d2eeed9d628ad6a288fd20804a10281b2,0x4e01e7878b15eb463351f14a4ac68f095194c788,普通定级,否,正常
0xe7b0e29dcad78f2f331ab90a86b330c9d946f3b9,0xc098a23ad47d6a5fde17a1b577ffc66369696a20,普通定级,否,正常
0xe2012fecc5e41ca11f7f8f12e800fe4413d0d547,0xa8623cfe5eaf9d491344e75fa15ce4ecd8a38227,普通定级,是,正常
0x6efd975d7f65b970bca7d2e5ec267097e2da180f,0xde4294a519c70a57a1eea4d11f4a06056b91d518,普通定级,是,正常
0x55bcc00865259de28bfb6e974cc9d6251fd1b118,0xd45c65e42ae88d2814db50711a3354deeaa37e65,普通定级,否,正常
0xd45c65e42ae88d2814db50711a3354deeaa37e65,0x923bd1b9dd57b5acafec3838bedc07a7a8abf6f8,普通定级,是,正常
0xa8623cfe5eaf9d491344e75fa15ce4ecd8a38227,0x57850b98c2131b7a3afd86c31550475c2313a278,普通定级,否,正常
0x7b0a672996f6389ee10f0159116bf762f5cf85d4,0x6a95eee03ff44d112b2527fdd9ce7e4870607ecc,普通定级,否,正常
0xeb8e1f114a12e6b9cd253f7ff9f75891865baba4,0x7dadd41f17b597e60068f17c9cf24662928c1184,普通定级,否,正常
0xc098a23ad47d6a5fde17a1b577ffc66369696a20,0x7dadd41f17b597e60068f17c9cf24662928c1184,普通定级,否,正常
0xbb8da3faae8fe41e243f7a9902d5dfeaa2252c22,0x7dadd41f17b597e60068f17c9cf24662928c1184,普通定级,否,正常
0x6dd165e80c0fb6179e9c32eccaea1fce27de87c0,0xea991b6093fdd4f421a9f6d96c4ce75db1932ca7,普通定级,否,正常
0x57850b98c2131b7a3afd86c31550475c2313a278,0x5ab7bdf656c3f17e5137887ea822aba56699fa86,普通定级,否,正常
0x4e01e7878b15eb463351f14a4ac68f095194c788,0xd7aa4c66fcf7c8e25b6c90649f454e9f9e4d47c4,普通定级,否,正常
0xd7aa4c66fcf7c8e25b6c90649f454e9f9e4d47c4,0xefb4581e096dd8bc3ce280406e5c11ed16370ead,普通定级,否,正常
0xefb4581e096dd8bc3ce280406e5c11ed16370ead,0x56095c0ce2118dfb556dec9fb2b6fcbd6541db6a,普通定级,否,正常
0xaad6b074393c1231b779fc6ed75445a0890378a5,0xbdd8bd5bb13f7202b7490d6e3db58fab42d56dc9,普通定级,否,正常
0xbdd8bd5bb13f7202b7490d6e3db58fab42d56dc9,0x788b0150756fa032cf020a0ca4646cdcb7c65a61,普通定级,否,正常
0x788b0150756fa032cf020a0ca4646cdcb7c65a61,0x502f69bf05e687683f3a7711385b2b98f7cb7def,普通定级,否,正常
0x502f69bf05e687683f3a7711385b2b98f7cb7def,0xd774b635d7dc9939479bfc0a4783d0fe3d68698e,普通定级,否,正常
0xd774b635d7dc9939479bfc0a4783d0fe3d68698e,0x0068e18ca690172530a59aeda4466546be6e3a68,普通定级,否,正常
0x0068e18ca690172530a59aeda4466546be6e3a68,0x2023a35a4453f9247cb4418eb9f11e479593e8c0,普通定级,否,正常
0x7dadd41f17b597e60068f17c9cf24662928c1184,0x3fab5b61f8b74cbd807aff5d203b595450908539,普通定级,是,正常
0xe182b1b3d2ae945c5c61e0763793ecc573211c8a,0xbab238e976865d567ac21a113727250c8000cbec,普通定级,否,正常
0xc99ba1d5c1f7b37d7c4d6e4750ca6f2fc6c242f0,0x9cf9e2ca716cf34285867bf9e5ae99b0b98078e9,普通定级,否,正常
0x6b038b39948984138cfb355771bea119dfc5dcf9,0xe613a0c77bd835c9a0b764193690d8b3e2d15380,普通定级,是,正常
0x6a8831729a01f5960aaf6419cd9b76d9a68c626f,0x6c478896c13438ad19ffe5e424599647b6a6fd2a,普通定级,否,正常
0x6c478896c13438ad19ffe5e424599647b6a6fd2a,0xb1096e0f763d0df2283ced13588b1e2cb250cc33,普通定级,否,正常
0x3297a7184f321a2d1389d2914ce09251301a7ebf,0xded5d9e98f22ac4664434bd8063df32a8f9f5557,普通定级,否,正常
0x8bddc017f1f8e7135c01a0b86271bb99405ca52e,0x36ad629442a889cae5f0a2e464256116a9af5e22,普通定级,否,正常
0xb1096e0f763d0df2283ced13588b1e2cb250cc33,0x20e384a1434e5501130736c97e33790e6f52f90d,普通定级,否,正常
0xa829ff1d170706a7ef2658d008186a316fdd4945,0x5ab7bdf656c3f17e5137887ea822aba56699fa86,普通定级,否,正常
0xca428fff68e31b10fd8a0cfc21856417c4bf80ad,0x8888888888888888888888888888888888888888,普通定级,否,正常
0x02ace82e0ae59f694e5a93457c8e036fcefa9ecc,0x477e5736e195d9ebea1300d9ff179d92328af4b6,普通定级,否,正常
0x477e5736e195d9ebea1300d9ff179d92328af4b6,0xea991b6093fdd4f421a9f6d96c4ce75db1932ca7,普通定级,否,正常
0x36ad629442a889cae5f0a2e464256116a9af5e22,0x6e93e3d9dc55f17a799a79b3d423665620831c2b,普通定级,否,正常
0x6e93e3d9dc55f17a799a79b3d423665620831c2b,0xa776d97bd3269276174ae8125470d4abd3beea95,普通定级,否,正常
0x44180d0b64983847dff62812f6a244d58d875f25,0x66226992f889233fd4636efd01217c1f70bc4c1c,普通定级,否,正常
0xb4b2dd1b55c5c4958c42801d15773e946acdc31b,0x2023a35a4453f9247cb4418eb9f11e479593e8c0,普通定级,否,正常
0xa776d97bd3269276174ae8125470d4abd3beea95,0x039985dd58e33fa46cf6802dcac101cee1bfc4ec,普通定级,否,正常
0x039985dd58e33fa46cf6802dcac101cee1bfc4ec,0x72f5ed0584b1288682271b1ae4e5f991b09ef7de,普通定级,否,正常
0x72f5ed0584b1288682271b1ae4e5f991b09ef7de,0x585db13691d357a8e362b994e77750e69b75f6fe,普通定级,否,正常
0x585db13691d357a8e362b994e77750e69b75f6fe,0x9cf9e2ca716cf34285867bf9e5ae99b0b98078e9,普通定级,否,正常
0x306d21ee4e3222aa79bd3f23a2a404fa3bf24a74,0xe59ccbe7d355c0b5af16d98190e2b5073a573749,普通定级,否,正常
0x6e1a0f5087370124186d10d9819f0b7f23844aa0,0x8888888888888888888888888888888888888888,普通定级,否,正常
0x471f3bd1362170011d26c9cdda507c639babf088,0xc465a8394be568c65d6363ab55ecbea1b6aaed68,普通定级,否,正常
0x56095c0ce2118dfb556dec9fb2b6fcbd6541db6a,0xf301a7f6a075bf9ae79e3c4a2c783d0186009dd7,普通定级,否,正常
0xf4bc9c675499ff5fc36ebaa37988a9a2268c7a40,0xea991b6093fdd4f421a9f6d96c4ce75db1932ca7,普通定级,否,正常
0xf301a7f6a075bf9ae79e3c4a2c783d0186009dd7,0xd0b48fc32e46eabf90e41e829a6ac9754df92dac,普通定级,否,正常
0xd0b48fc32e46eabf90e41e829a6ac9754df92dac,0x43e4eaa11d7d378e8df4ba429022d26e0cee60ab,普通定级,否,正常
0x43e4eaa11d7d378e8df4ba429022d26e0cee60ab,0x57299c63383886325b83f25ff6086299caae7c3d,普通定级,否,正常
0x57299c63383886325b83f25ff6086299caae7c3d,0x13da5ee2ff64d814e89169fc282eeab0d6bd2000,普通定级,否,正常
0x13da5ee2ff64d814e89169fc282eeab0d6bd2000,0x7d6e21fd2e62837288428c75b0ccd84d7082191a,普通定级,否,正常
0x7d6e21fd2e62837288428c75b0ccd84d7082191a,0x1d6109b8b5fed23a11a4582a9baf1385e39e29af,普通定级,否,正常
0x1d6109b8b5fed23a11a4582a9baf1385e39e29af,0x204613a780ebe7f96b41e7300892049618db2ca2,普通定级,否,正常
0xf5ba9b10b7ed7ee1c8de1cd8c1d32a1cc8c4e930,0xa17edaff5e04d75b3e740ac03117ac78042ae4a8,普通定级,否,正常
0xa17edaff5e04d75b3e740ac03117ac78042ae4a8,0x511ffa2560632876e1d1c2b554689d8dfcca4285,普通定级,否,正常
0x511ffa2560632876e1d1c2b554689d8dfcca4285,0x110872b7b1cf2a5b6c352e2037d69c8dd079f625,普通定级,否,正常
0x110872b7b1cf2a5b6c352e2037d69c8dd079f625,0x204613a780ebe7f96b41e7300892049618db2ca2,普通定级,否,正常
0x6337266c15da2e67723ab63424b13d3ffcfcf69b,0x98d0c127f5ae29c595c4974f104c0c8bda2679b8,普通定级,否,正常
0xe813c455934a435495ad69711434ba4f362923c3,0xa6fb48b98d450c351feea500c37fd4d4c5d3d1d0,普通定级,否,正常
0x37d5d62791ce16c163d8a9db6fafb1387b8b87ac,0x923bd1b9dd57b5acafec3838bedc07a7a8abf6f8,普通定级,是,正常
0x923bd1b9dd57b5acafec3838bedc07a7a8abf6f8,0x8bfa36c21378b071eca691c073aa920b845f548d,普通定级,是,正常
0x99478ebb39a8ab421db136728a94c036ce73fd20,0xe613a0c77bd835c9a0b764193690d8b3e2d15380,普通定级,否,正常
0xe613a0c77bd835c9a0b764193690d8b3e2d15380,0x7164ac1f5d95e83c0eed94425d0c78c604484748,普通定级,否,正常
0x99ec73e1577b2145fac14c6bcaa2d367db57d8c1,0x9cf9e2ca716cf34285867bf9e5ae99b0b98078e9,普通定级,否,正常
0x426f2ea4c4fc31b2dc05a7fc383fb52decde70c7,0x9cf9e2ca716cf34285867bf9e5ae99b0b98078e9,普通定级,否,正常
0x37cb439e494724188b8612cd971e98d8f542862b,0xea991b6093fdd4f421a9f6d96c4ce75db1932ca7,普通定级,否,正常
0x523cd0571e38f8b25345cecbb730aeb3c24960db,0xad82d306c1499939739caab4cd6a0bca1308ef8e,普通定级,否,正常
0x5ab7bdf656c3f17e5137887ea822aba56699fa86,0x8bfa36c21378b071eca691c073aa920b845f548d,普通定级,是,正常
0x8bfa36c21378b071eca691c073aa920b845f548d,0x84c29b92cebdc8ec9b9f5cab56d7a5fc5d90e8fd,普通定级,是,正常
0x9cf9e2ca716cf34285867bf9e5ae99b0b98078e9,0x93a714e357ea6a35071dc6682b0e3bb79c77b29b,普通定级,否,正常
0x36f46711f754049dc16a7599ebf0208421cb97ba,0x5d2e602185cb8c4311910b345b15b3551a9945b9,普通定级,否,正常
0xa339736232176af07398e57c04d8b49a9e2583d1,0x326605252c138c46d48d0f01680cf1b113e4be3c,普通定级,否,正常
0xded5d9e98f22ac4664434bd8063df32a8f9f5557,0xbab238e976865d567ac21a113727250c8000cbec,普通定级,否,正常
0xee3ef2b0ea903b6084c72fdf2947193736ea83fd,0x34c28284995ef9c22c9f7e4560ae3d19bd5fcf2c,普通定级,否,正常
0x34c28284995ef9c22c9f7e4560ae3d19bd5fcf2c,0xcfbe57cf7080b29618d62ee23bacb02910fc9840,普通定级,否,正常
0xcfbe57cf7080b29618d62ee23bacb02910fc9840,0xe59ccbe7d355c0b5af16d98190e2b5073a573749,普通定级,否,正常
0xd688f3b26d15b700bedc3387a17b038d96bccf09,0xea991b6093fdd4f421a9f6d96c4ce75db1932ca7,普通定级,是,正常
0x98d0c127f5ae29c595c4974f104c0c8bda2679b8,0x204613a780ebe7f96b41e7300892049618db2ca2,普通定级,是,正常
0x204613a780ebe7f96b41e7300892049618db2ca2,0xef8d6d589c23c338dc9d0052ce313297cef2d886,普通定级,是,正常
0x1f8b8a4ca989afae6e7d187781df0d660f993c9d,0xef8d6d589c23c338dc9d0052ce313297cef2d886,普通定级,是,正常
0xd6dbce43fbc039ea753d5a66ca95950b83db3813,0x89d3d4ef4ada9cffbb4227926cca7fae83545ff2,普通定级,否,正常
0x93a714e357ea6a35071dc6682b0e3bb79c77b29b,0x3fed8377af017633eeb7615875b83e0c0d4390ac,普通定级,否,正常
0x3fed8377af017633eeb7615875b83e0c0d4390ac,0x68f187439e46cc98e9dcccbcbd3bbc82d52599ae,普通定级,否,正常
0xbdfdb871f0db8464f5e438a13d517f649ccc7cf8,0x5c5f5626b00906bce91e3a5faa49f5f6b6212e1c,普通定级,否,正常
0x251f99cac2d809e59daaa684f060fe76d3b9fc11,0x02007fe5d3bef8917304ed9e3a323f6b09134763,普通定级,否,正常
0x326605252c138c46d48d0f01680cf1b113e4be3c,0x0f70c315f5e2ecc4391c14f1a5b14d736e13931b,普通定级,否,正常
0x20e384a1434e5501130736c97e33790e6f52f90d,0x68f187439e46cc98e9dcccbcbd3bbc82d52599ae,普通定级,否,正常
0x68f187439e46cc98e9dcccbcbd3bbc82d52599ae,0xaafabd57962087d2636bd275307a1cea31435096,普通定级,否,正常
0xaafabd57962087d2636bd275307a1cea31435096,0x2023a35a4453f9247cb4418eb9f11e479593e8c0,普通定级,否,正常
0x4f080e6a54a2eb792bf9c76079a03adecfcbbee5,0x83b8c9b6fcd79e0c985b385b9bfe0c8f31889eca,普通定级,否,正常
0x83b8c9b6fcd79e0c985b385b9bfe0c8f31889eca,0xf7d56f591de228f0ba2ffb5474e17ad4ddc495d6,普通定级,否,正常
0x5bdcdc84639f76dd3c849ec4d272c57a589ba1cf,0xe9730684d726485f8655060f9cf290d6471626da,普通定级,否,正常
0x1bbfe0485bccfdfd0f46bfa8548bca6c0c783e23,0x5c5f5626b00906bce91e3a5faa49f5f6b6212e1c,普通定级,否,正常
0x66226992f889233fd4636efd01217c1f70bc4c1c,0x4e25512391e78d8f62e393fa748248e2e786f358,普通定级,是,正常
0x4882235447dbfb21c8991fc10628dcf86a11bb1a,0x89d3d4ef4ada9cffbb4227926cca7fae83545ff2,普通定级,否,正常
0x0a925b698858bf7e039069a473b24fed763458bd,0xf670480ba910e9fd44c28cc1911ba165ac187472,普通定级,否,正常
0xf670480ba910e9fd44c28cc1911ba165ac187472,0x5d2e602185cb8c4311910b345b15b3551a9945b9,普通定级,否,正常
0xfaf5e7a7d1cddfa2f2b79399b561dd023a1d616e,0x45ed93f03b8094b62154d6e7334144f3c78b2d70,普通定级,否,正常
0x45ed93f03b8094b62154d6e7334144f3c78b2d70,0xbaa66edc1e4c5e6ae6af8793a6751b771c74030c,普通定级,否,正常
0x7bd9b7c9be4552d47be1693ddc70dd5d07585ecc,0x2023a35a4453f9247cb4418eb9f11e479593e8c0,普通定级,否,正常
0x0ec44d3c91161782e3493d59a3ff6a74ef52a40b,0x328978d4205ff751503f19b361498ce2644b7804,普通定级,否,正常
0xe9730684d726485f8655060f9cf290d6471626da,0xf2fb75bdf72b74ff527b2d82d3cb894b8794ec19,普通定级,否,正常
0xf7d56f591de228f0ba2ffb5474e17ad4ddc495d6,0xad82d306c1499939739caab4cd6a0bca1308ef8e,普通定级,否,正常
0xf2fb75bdf72b74ff527b2d82d3cb894b8794ec19,0xa5684b634cf749552637fb8e8b7d7bc09a2edae1,普通定级,否,正常
0xa537fa8ffdf5e17749eeda832fc2111d05bbb671,0x05c13afc8df315e8c1be0327154bd4a6373ee4c7,普通定级,否,正常
0x05c13afc8df315e8c1be0327154bd4a6373ee4c7,0xa5684b634cf749552637fb8e8b7d7bc09a2edae1,普通定级,否,正常
0xbaa66edc1e4c5e6ae6af8793a6751b771c74030c,0x328978d4205ff751503f19b361498ce2644b7804,普通定级,否,正常
0x328978d4205ff751503f19b361498ce2644b7804,0x1b665d2aab8f9261eac84fa423507e99704daa4c,普通定级,否,正常
0x1b665d2aab8f9261eac84fa423507e99704daa4c,0x5d2e602185cb8c4311910b345b15b3551a9945b9,普通定级,否,正常
0x68721183e744d19d85438971942f0bc82b11a727,0x5d2e602185cb8c4311910b345b15b3551a9945b9,普通定级,否,正常
0xa5684b634cf749552637fb8e8b7d7bc09a2edae1,0x4a7fd41c80f44cb006cd09547df1c7b387a993c7,普通定级,否,正常
0x4a7fd41c80f44cb006cd09547df1c7b387a993c7,0x5d25570332192fe19aecf8a7649799fb239f7bc3,普通定级,否,正常
0x402a9a3bab4824e6d03a1127cfb08a3fae972f13,0xa578637d75dbcf0e292627a688999b8d88839d74,普通定级,否,正常
0x5006a5f6b00c17abc2703cd80479efe300097403,0xa578637d75dbcf0e292627a688999b8d88839d74,普通定级,否,正常
0xa578637d75dbcf0e292627a688999b8d88839d74,0x7b7cbea2a396fce8f30dfd8c0f7c8d26152ca7a2,普通定级,否,正常
0xd96bd6ff4b92d60f944f47089b5d95dab5ac5d71,0x3aaa2302378ea1c9dad0363dae41ced193d54de8,普通定级,否,正常
0x3aaa2302378ea1c9dad0363dae41ced193d54de8,0xde4294a519c70a57a1eea4d11f4a06056b91d518,普通定级,否,正常
0xe59ccbe7d355c0b5af16d98190e2b5073a573749,0xde4294a519c70a57a1eea4d11f4a06056b91d518,普通定级,否,正常
0xde4294a519c70a57a1eea4d11f4a06056b91d518,0xd371d2eb70266cd11dc1e95286119da2293ab83d,普通定级,否,正常
0x4e25512391e78d8f62e393fa748248e2e786f358,0x8a678d0c5df50f0200e8cadb90e5eb7979ad8bba,普通定级,否,正常
0x84c29b92cebdc8ec9b9f5cab56d7a5fc5d90e8fd,0x5037ed3f1c4bb17ef89e07f44e8f6f17810bd36b,普通定级,是,正常
0xb6aa2fff57714cf71ead61eb95a3710c67277d18,0xea991b6093fdd4f421a9f6d96c4ce75db1932ca7,普通定级,否,正常
0x4338585fcd895d07109101d4440fb5b8c05e18a8,0xea991b6093fdd4f421a9f6d96c4ce75db1932ca7,普通定级,是,正常
0x3279700e642e263af373b3872de8a8904ba34282,0x5d25570332192fe19aecf8a7649799fb239f7bc3,普通定级,否,正常
0x5d25570332192fe19aecf8a7649799fb239f7bc3,0xce7c399797b5fc80c7440c2c9f968b5301d42989,普通定级,否,正常
0x2d9e4b79a3bc35c6d6a943a90a5035cb75f25ef5,0x7f4edb4dd069048e6b9ec4ce87c6de1b0513b9f7,普通定级,否,正常
0x6f5b74880828252098e8dd512f89f3d74302a5a1,0x7f4edb4dd069048e6b9ec4ce87c6de1b0513b9f7,普通定级,否,正常
0x7f4edb4dd069048e6b9ec4ce87c6de1b0513b9f7,0x5c5f5626b00906bce91e3a5faa49f5f6b6212e1c,普通定级,否,正常
0xe28a453558d5123c702daab80dcc8e7165ee2e56,0x1876fb95738c51294a4814c022e9695771a5d707,普通定级,否,正常
0xbc7afdbd8c1b8e9a18e774335fbe6317314bf380,0x3fab5b61f8b74cbd807aff5d203b595450908539,普通定级,否,正常
0x5c5f5626b00906bce91e3a5faa49f5f6b6212e1c,0x7164ac1f5d95e83c0eed94425d0c78c604484748,普通定级,是,正常
0x5d2e602185cb8c4311910b345b15b3551a9945b9,0xad82d306c1499939739caab4cd6a0bca1308ef8e,普通定级,否,正常
0xce7c399797b5fc80c7440c2c9f968b5301d42989,0x1e5eb7b1454eebfb69db0bf725a73fa97505dbed,普通定级,否,正常
0x1876fb95738c51294a4814c022e9695771a5d707,0xbf14b5dd9b43d68db0ecc4308f49639c6a0d91b7,普通定级,否,正常
0xbf14b5dd9b43d68db0ecc4308f49639c6a0d91b7,0xf282369e5d040f522b864fc29bea4998df416d84,普通定级,否,正常
0xdaf6bd3a7c8393e78e4da698009ed6f4212da93c,0xd3484a5334a8852854d720dbfcc59358d382e03b,普通定级,否,正常
0xf282369e5d040f522b864fc29bea4998df416d84,0x7aa99b412dc8513425438987191b8db4848665a0,普通定级,否,正常
0xef8d6d589c23c338dc9d0052ce313297cef2d886,0x3191b0e6ccd53f66cc5d801bd781b5ef0b52f6c6,普通定级,是,正常
0x3191b0e6ccd53f66cc5d801bd781b5ef0b52f6c6,0xea991b6093fdd4f421a9f6d96c4ce75db1932ca7,普通定级,否,正常
0x58280d7e139c10a747bf3f598731dd5827527179,0x6a95eee03ff44d112b2527fdd9ce7e4870607ecc,普通定级,否,正常
0xad82d306c1499939739caab4cd6a0bca1308ef8e,0xea991b6093fdd4f421a9f6d96c4ce75db1932ca7,普通定级,否,正常
0x7aa99b412dc8513425438987191b8db4848665a0,0x6a95eee03ff44d112b2527fdd9ce7e4870607ecc,普通定级,否,正常
0x3aed3d9a968fc0513ab3ba37fa5b06e4b813c81b,0x3ac8e8b2a6a6593a6dc6e80662f7ca91bb8974da,普通定级,否,正常
0xcfe7f00b80e6ac1ec303fc0951523afd0f860acf,0xea991b6093fdd4f421a9f6d96c4ce75db1932ca7,普通定级,是,正常
0x3ac8e8b2a6a6593a6dc6e80662f7ca91bb8974da,0xea991b6093fdd4f421a9f6d96c4ce75db1932ca7,普通定级,否,正常
0xea991b6093fdd4f421a9f6d96c4ce75db1932ca7,0xc9cbb3b7d7c4ca3dbf0ca470da8b11dfc0419646,普通定级,是,正常
0xc9cbb3b7d7c4ca3dbf0ca470da8b11dfc0419646,0x0f7076d7cb0d762641cda031ad9fbca803507a62,普通定级,否,正常
0x6a95eee03ff44d112b2527fdd9ce7e4870607ecc,0x2cf2f7f95b640eff430ab5d689b8bf64da61da3e,普通定级,否,正常
0x2cf2f7f95b640eff430ab5d689b8bf64da61da3e,0xfdcd3ec8de2e6a95bde975e1fc2ebe29f387e313,普通定级,否,正常
0xfdcd3ec8de2e6a95bde975e1fc2ebe29f387e313,0xf56812608d84885043871b9068053652408880bd,普通定级,否,正常
0xf56812608d84885043871b9068053652408880bd,0x6bdcfd1a3456f223e83ff1d33be7d35d1a612b04,普通定级,否,正常
0x6bdcfd1a3456f223e83ff1d33be7d35d1a612b04,0x1c7867c56a48555134c8a528caf956022f8f7efa,普通定级,否,正常
0x1c7867c56a48555134c8a528caf956022f8f7efa,0x191575d69b71b9c35f79ded1befc32a651b160ce,普通定级,否,正常
0x191575d69b71b9c35f79ded1befc32a651b160ce,0x0e7465d963b2d23d8965be2f58573552252312a6,普通定级,否,正常
0x1e5eb7b1454eebfb69db0bf725a73fa97505dbed,0xce6fbb105ac68bd4a804cbe0aaf58e137bd321fb,普通定级,否,正常
0xce6fbb105ac68bd4a804cbe0aaf58e137bd321fb,0xcfe552d230e7cb0989fdc81ad557ea87c7c32989,普通定级,否,正常
0xcfe552d230e7cb0989fdc81ad557ea87c7c32989,0x02007fe5d3bef8917304ed9e3a323f6b09134763,普通定级,否,正常
0x02007fe5d3bef8917304ed9e3a323f6b09134763,0x845370acd2d50d2673b7347d411e65b97e2982c4,普通定级,否,正常
0x845370acd2d50d2673b7347d411e65b97e2982c4,0xdda48ba41f12d3ec72e5b03b92890f58b6eb3887,普通定级,否,正常
0xdda48ba41f12d3ec72e5b03b92890f58b6eb3887,0xbab238e976865d567ac21a113727250c8000cbec,普通定级,否,正常
0xbab238e976865d567ac21a113727250c8000cbec,0x4eaeb8af140b751cac9192ada44ced6329e419a9,普通定级,否,正常
0x4eaeb8af140b751cac9192ada44ced6329e419a9,0x2023a35a4453f9247cb4418eb9f11e479593e8c0,普通定级,否,正常
0x2023a35a4453f9247cb4418eb9f11e479593e8c0,0x060e7f38f6f18a24cb35abd8c09e6cdcc98e5150,普通定级,否,正常
0x060e7f38f6f18a24cb35abd8c09e6cdcc98e5150,0xe48855cf2bbf4a57e9f982ea3b5fe97dafad2375,普通定级,否,正常
0x7abef61d5f7b8a8471ab17bc14e5b4c04c30aba1,0x0f70c315f5e2ecc4391c14f1a5b14d736e13931b,普通定级,否,正常
0xaa1427cf73cfc33f07ea8ad855247188ff7e6841,0x7164ac1f5d95e83c0eed94425d0c78c604484748,普通定级,是,正常
0xa6fb48b98d450c351feea500c37fd4d4c5d3d1d0,0x0f70c315f5e2ecc4391c14f1a5b14d736e13931b,普通定级,是,正常
0x0f7076d7cb0d762641cda031ad9fbca803507a62,0xe48855cf2bbf4a57e9f982ea3b5fe97dafad2375,普通定级,否,正常
0xe48855cf2bbf4a57e9f982ea3b5fe97dafad2375,0x3fab5b61f8b74cbd807aff5d203b595450908539,普通定级,否,正常
0x3fab5b61f8b74cbd807aff5d203b595450908539,0x8a678d0c5df50f0200e8cadb90e5eb7979ad8bba,普通定级,否,正常
0x0e7465d963b2d23d8965be2f58573552252312a6,0x84b16ea8cee3da33ce1308b197fdd60968f9e35f,普通定级,否,正常
0x84b16ea8cee3da33ce1308b197fdd60968f9e35f,0xf056a6ade168b11a966b3807423e459648321460,普通定级,否,正常
0xa5f3a048bb7feeccf8278ba1c0dee869b9fc78f5,0x89d3d4ef4ada9cffbb4227926cca7fae83545ff2,普通定级,否,正常
0x0f70c315f5e2ecc4391c14f1a5b14d736e13931b,0x5037ed3f1c4bb17ef89e07f44e8f6f17810bd36b,普通定级,否,正常
0x5037ed3f1c4bb17ef89e07f44e8f6f17810bd36b,0x89d3d4ef4ada9cffbb4227926cca7fae83545ff2,普通定级,是,正常
0x6c3313c8a69ea2ab290eb3e31cd7215562e34837,0xc465a8394be568c65d6363ab55ecbea1b6aaed68,普通定级,否,正常
0x7164ac1f5d95e83c0eed94425d0c78c604484748,0x89d3d4ef4ada9cffbb4227926cca7fae83545ff2,普通定级,是,正常
0x8a678d0c5df50f0200e8cadb90e5eb7979ad8bba,0xd371d2eb70266cd11dc1e95286119da2293ab83d,普通定级,否,正常
0xd371d2eb70266cd11dc1e95286119da2293ab83d,0x7b7cbea2a396fce8f30dfd8c0f7c8d26152ca7a2,普通定级,否,正常
0x7b7cbea2a396fce8f30dfd8c0f7c8d26152ca7a2,0xe33a3cfa34389722e0a36b1de32d24cd4f8edc9d,普通定级,否,正常
0xe33a3cfa34389722e0a36b1de32d24cd4f8edc9d,0xddc4059e4f64c47598e2de09c5c99d950eb1934f,普通定级,否,正常
0xddc4059e4f64c47598e2de09c5c99d950eb1934f,0xca03a9875128caea01759a7abd00f9a209e6b3ef,普通定级,否,正常
0xca03a9875128caea01759a7abd00f9a209e6b3ef,0x223369f1058546bc4d2c80c3683b78f6b8a28bcc,普通定级,否,正常
0x223369f1058546bc4d2c80c3683b78f6b8a28bcc,0xd3484a5334a8852854d720dbfcc59358d382e03b,普通定级,否,正常
0xd3484a5334a8852854d720dbfcc59358d382e03b,0xd8cc45f5e73d278052bcef06a2d58558776f6382,普通定级,否,正常
0xd8cc45f5e73d278052bcef06a2d58558776f6382,0xdcd92e0e6a40319ca0038f505b8ed2a0d44181a8,普通定级,否,正常
0xc580de7f8bda66d52ad0478244754110462afaa8,0x70e7125ba373e8af875653472df2e1dbe28607bb,普通定级,否,正常
0x70e7125ba373e8af875653472df2e1dbe28607bb,0xbed06c0280345bc75bd6009a28c2183a0db6c2a2,普通定级,否,正常
0xbed06c0280345bc75bd6009a28c2183a0db6c2a2,0x96afcde8b13fca0c4bae298a2376beb2bc8e1bf4,普通定级,否,正常
0x96afcde8b13fca0c4bae298a2376beb2bc8e1bf4,0xe040763ca19210dd0576e4c1b06b33424215adee,普通定级,否,正常
0xe040763ca19210dd0576e4c1b06b33424215adee,0xd21821af451b982851665861ad5168cf26fc821f,普通定级,否,正常
0xd21821af451b982851665861ad5168cf26fc821f,0x89d3d4ef4ada9cffbb4227926cca7fae83545ff2,普通定级,否,正常
0xf056a6ade168b11a966b3807423e459648321460,0xb4f23fbce10826e095677b60e7d41bab2a4da4fb,普通定级,否,正常
0xb4f23fbce10826e095677b60e7d41bab2a4da4fb,0x04a0051107ced8116e3a105201afa2cc0bdd7625,普通定级,否,正常
0x04a0051107ced8116e3a105201afa2cc0bdd7625,0xcc9e7ac2417bec658b9404ebeb037c67d2cb3c0a,普通定级,否,正常
0xcc9e7ac2417bec658b9404ebeb037c67d2cb3c0a,0x7c4e8374aad237dc1e92675315681a1103f8bf37,普通定级,否,正常
0x7c4e8374aad237dc1e92675315681a1103f8bf37,0x93227603446d11b78709ad950a90b72751f61291,普通定级,否,正常
0x93227603446d11b78709ad950a90b72751f61291,0xc101092f263b2aa74d8051a24a4fcba42fffd53c,普通定级,否,正常
0xc101092f263b2aa74d8051a24a4fcba42fffd53c,0x89d3d4ef4ada9cffbb4227926cca7fae83545ff2,普通定级,否,正常
0x89d3d4ef4ada9cffbb4227926cca7fae83545ff2,0x3e9b1d7d66b6d1d2b2623001cb141eb5f685a311,普通定级,是,正常
0x3e9b1d7d66b6d1d2b2623001cb141eb5f685a311,0xa2abc426053bc8011b26d29ccb7120b4c58245c4,普通定级,否,正常
0xa2abc426053bc8011b26d29ccb7120b4c58245c4,0xfa89176ef47a287fb247b8e91cfbdbf27c678b0f,普通定级,否,正常
0xfa89176ef47a287fb247b8e91cfbdbf27c678b0f,0x28ee94a9e56aa341592ca43cb96c4827a3f8511b,普通定级,否,正常
0x28ee94a9e56aa341592ca43cb96c4827a3f8511b,0xdf58b6fdc1c66fd0ea181a5226b634e1506409a3,普通定级,否,正常
0xdcd92e0e6a40319ca0038f505b8ed2a0d44181a8,0xc465a8394be568c65d6363ab55ecbea1b6aaed68,普通定级,否,正常
0xdf58b6fdc1c66fd0ea181a5226b634e1506409a3,0xa16e88c6440656c8cbeca596a8ca6ade928c7d3a,普通定级,否,正常
0xa16e88c6440656c8cbeca596a8ca6ade928c7d3a,0xc465a8394be568c65d6363ab55ecbea1b6aaed68,普通定级,否,正常
0xc465a8394be568c65d6363ab55ecbea1b6aaed68,0x62e0cd65b682c6fa443851255f98658d79bf29ab,普通定级,是,正常
0x62e0cd65b682c6fa443851255f98658d79bf29ab,0xfc3900b58535a18ee184d2f9c03f280e89f00a75,普通定级,否,正常
0xfc3900b58535a18ee184d2f9c03f280e89f00a75,0x8888888888888888888888888888888888888888,普通定级,否,正常
,,普通定级,否,禁止登录